{
  "1": {
    "rank": 1,
    "baselines": {
      "melee": {
        "avg_rounds": 3.4,
        "baseline_win_rate": 0.48,
        "damage_win_rate": {
          "0": -0.43,
          "1": -0.26,
          "3": 0.19,
          "4": 0.305,
          "5": 0.36,
          "6": 0.41500000000000004,
          "7": 0.455,
          "8": 0.465,
          "9": 0.465,
          "10": 0.465,
          "11": 0.465,
          "12": 0.47500000000000003
        }
      },
      "ranged": {
        "avg_rounds": 3.29,
        "baseline_win_rate": 0.515,
        "damage_win_rate": {
          "0": -0.46,
          "1": -0.27,
          "3": 0.185,
          "4": 0.295,
          "5": 0.34500000000000003,
          "6": 0.395,
          "7": 0.43,
          "8": 0.44,
          "9": 0.44,
          "10": 0.44,
          "11": 0.44,
          "12": 0.45
        }
      }
    }
  },
  "2": {
    "rank": 2,
    "baselines": {
      "melee": {
        "avg_rounds": 2.74,
        "baseline_win_rate": 0.46,
        "damage_win_rate": {
          "0": -0.41500000000000004,
          "1": -0.315,
          "2": -0.16,
          "4": 0.13,
          "5": 0.22,
          "6": 0.28500000000000003,
          "7": 0.335,
          "8": 0.39,
          "9": 0.43,
          "10": 0.44,
          "11": 0.44,
          "12": 0.445,
          "13": 0.445
        }
      },
      "ranged": {
        "avg_rounds": 2.62,
        "baseline_win_rate": 0.525,
        "damage_win_rate": {
          "0": -0.47000000000000003,
          "1": -0.35000000000000003,
          "2": -0.17,
          "4": 0.125,
          "5": 0.215,
          "6": 0.265,
          "7": 0.31,
          "8": 0.355,
          "9": 0.39,
          "10": 0.405,
          "11": 0.405,
          "12": 0.4,
          "13": 0.405
        }
      }
    }
  },
  "3": {
    "rank": 3,
    "baselines": {
      "melee": {
        "avg_rounds": 2.26,
        "baseline_win_rate": 0.435,
        "damage_win_rate": {
          "0": -0.41000000000000003,
          "1": -0.365,
          "2": -0.29,
          "3": -0.19,
          "4": -0.09,
          "6": 0.075,
          "7": 0.14,
          "8": 0.195,
          "9": 0.255,
          "10": 0.305,
          "11": 0.34500000000000003,
          "12": 0.365,
          "13": 0.37,
          "14": 0.365,
          "15": 0.365
        }
      },
      "ranged": {
        "avg_rounds": 2.18,
        "baseline_win_rate": 0.54,
        "damage_win_rate": {
          "0": -0.505,
          "1": -0.44,
          "2": -0.335,
          "3": -0.21,
          "4": -0.095,
          "6": 0.075,
          "7": 0.135,
          "8": 0.185,
          "9": 0.245,
          "10": 0.295,
          "11": 0.33,
          "12": 0.35000000000000003,
          "13": 0.355,
          "14": 0.355,
          "15": 0.355
        }
      }
    }
  },
  "4": {
    "rank": 4,
    "baselines": {
      "melee": {
        "avg_rounds": 1.7,
        "baseline_win_rate": 0.41000000000000003,
        "damage_win_rate": {
          "0": -0.405,
          "1": -0.39,
          "2": -0.365,
          "3": -0.33,
          "4": -0.28500000000000003,
          "5": -0.23500000000000001,
          "6": -0.19,
          "7": -0.14,
          "8": -0.095,
          "9": -0.05,
          "11": 0.055,
          "12": 0.1,
          "13": 0.13,
          "14": 0.15,
          "15": 0.16,
          "16": 0.16,
          "17": 0.16,
          "18": 0.16,
          "19": 0.16,
          "20": 0.16
        }
      },
      "ranged": {
        "avg_rounds": 1.57,
        "baseline_win_rate": 0.56,
        "damage_win_rate": {
          "0": -0.545,
          "1": -0.52,
          "2": -0.48,
          "3": -0.41500000000000004,
          "4": -0.35000000000000003,
          "5": -0.28,
          "6": -0.22,
          "7": -0.165,
          "8": -0.11,
          "9": -0.055,
          "11": 0.065,
          "12": 0.12,
          "13": 0.155,
          "14": 0.18,
          "15": 0.195,
          "16": 0.19,
          "17": 0.19,
          "18": 0.19,
          "19": 0.19,
          "20": 0.19
        }
      }
    }
  }
}