{
  "1": {
    "rank": 1,
    "baselines": {
      "melee": {
        "avg_rounds": 3.98,
        "baseline_win_rate": 0.445,
        "average_action_damage": 1.66,
        "average_damage_received": 1.82,
        "damage_action_damage": {
          "0": 0.86,
          "1": 1.22,
          "2": 1.66,
          "3": 2.07,
          "4": 2.45,
          "5": 2.82,
          "6": 3.09,
          "7": 3.34,
          "8": 3.69,
          "9": 4.08,
          "10": 4.47,
          "11": 4.86,
          "12": 4.96
        }
      },
      "ranged": {
        "avg_rounds": 3.49,
        "baseline_win_rate": 0.54,
        "average_action_damage": 2.14,
        "average_damage_received": 2.02,
        "damage_action_damage": {
          "0": 1.07,
          "1": 1.53,
          "2": 2.14,
          "3": 2.73,
          "4": 3.31,
          "5": 3.88,
          "6": 4.42,
          "7": 4.93,
          "8": 5.49,
          "9": 6.07,
          "10": 6.66,
          "11": 7.24,
          "12": 7.73
        }
      }
    }
  },
  "2": {
    "rank": 2,
    "baselines": {
      "melee": {
        "avg_rounds": 3.26,
        "baseline_win_rate": 0.395,
        "average_action_damage": 2.64,
        "average_damage_received": 3.17,
        "damage_action_damage": {
          "0": 1.33,
          "1": 1.73,
          "2": 2.19,
          "3": 2.64,
          "4": 3.05,
          "5": 3.44,
          "6": 3.82,
          "7": 4.15,
          "8": 4.4,
          "9": 4.7,
          "10": 5.04,
          "11": 5.44,
          "12": 5.85,
          "13": 6.25
        }
      },
      "ranged": {
        "avg_rounds": 2.8,
        "baseline_win_rate": 0.5700000000000001,
        "average_action_damage": 3.81,
        "average_damage_received": 3.37,
        "damage_action_damage": {
          "0": 1.84,
          "1": 2.43,
          "2": 3.13,
          "3": 3.81,
          "4": 4.48,
          "5": 5.16,
          "6": 5.82,
          "7": 6.48,
          "8": 7.1,
          "9": 7.71,
          "10": 8.35,
          "11": 9.03,
          "12": 9.7,
          "13": 10.39
        }
      }
    }
  },
  "3": {
    "rank": 3,
    "baselines": {
      "melee": {
        "avg_rounds": 2.71,
        "baseline_win_rate": 0.35000000000000003,
        "average_action_damage": 3.76,
        "average_damage_received": 5.11,
        "damage_action_damage": {
          "0": 1.68,
          "1": 2.07,
          "2": 2.52,
          "3": 2.95,
          "4": 3.36,
          "5": 3.76,
          "6": 4.14,
          "7": 4.5,
          "8": 4.83,
          "9": 5.13,
          "10": 5.39,
          "11": 5.69,
          "12": 6.01,
          "13": 6.38,
          "14": 6.77,
          "15": 7.17
        }
      },
      "ranged": {
        "avg_rounds": 2.3,
        "baseline_win_rate": 0.6,
        "average_action_damage": 6.32,
        "average_damage_received": 5.17,
        "damage_action_damage": {
          "0": 2.67,
          "1": 3.33,
          "2": 4.09,
          "3": 4.84,
          "4": 5.58,
          "5": 6.32,
          "6": 7.04,
          "7": 7.76,
          "8": 8.48,
          "9": 9.19,
          "10": 9.88,
          "11": 10.54,
          "12": 11.27,
          "13": 11.99,
          "14": 12.71,
          "15": 13.47
        }
      }
    }
  },
  "4": {
    "rank": 4,
    "baselines": {
      "melee": {
        "avg_rounds": 2.15,
        "baseline_win_rate": 0.31,
        "average_action_damage": 4.87,
        "average_damage_received": 8.37,
        "damage_action_damage": {
          "0": 1.69,
          "1": 2.01,
          "2": 2.37,
          "3": 2.73,
          "4": 3.07,
          "5": 3.4,
          "6": 3.73,
          "7": 4.04,
          "8": 4.33,
          "9": 4.62,
          "10": 4.87,
          "11": 5.1,
          "12": 5.34,
          "13": 5.61,
          "14": 5.87,
          "15": 6.16,
          "16": 6.48,
          "17": 6.79,
          "18": 7.09,
          "19": 7.42,
          "20": 7.75
        }
      },
      "ranged": {
        "avg_rounds": 1.69,
        "baseline_win_rate": 0.63,
        "average_action_damage": 11.13,
        "average_damage_received": 7.83,
        "damage_action_damage": {
          "0": 3.5,
          "1": 4.21,
          "2": 5.0,
          "3": 5.78,
          "4": 6.56,
          "5": 7.33,
          "6": 8.09,
          "7": 8.87,
          "8": 9.62,
          "9": 10.38,
          "10": 11.13,
          "11": 11.85,
          "12": 12.59,
          "13": 13.31,
          "14": 14.05,
          "15": 14.81,
          "16": 15.57,
          "17": 16.35,
          "18": 17.12,
          "19": 17.9,
          "20": 18.69
        }
      }
    }
  }
}